{
  "test/integration/opaTests.qunit.html": 1768287357000,
  "Component.js": 1768287356000,
  "test/integration/pages/RisksList.js": 1768287357000,
  "test/integration/pages/JourneyRunner.js": 1768287357000,
  "test/integration/opaTests.qunit.js": 1768287357000,
  "test/integration/FirstJourney.js": 1768287357000,
  "test/testsuite.qunit.js": 1768287357000,
  "xs-app.json": 1768816844185,
  "manifest.json": 1768816495095,
  "test/integration/pages/RisksObjectPage.js": 1768287357000,
  "test/integration/pages/RisksList-dbg.js": 1768287357000,
  "test/integration/pages/RisksList.js.map": 1768816886873,
  "Component-dbg.js": 1768287356000,
  "Component.js.map": 1768816887279,
  "test/integration/pages/JourneyRunner-dbg.js": 1768287357000,
  "test/integration/pages/JourneyRunner.js.map": 1768816886997,
  "test/integration/opaTests.qunit-dbg.js": 1768287357000,
  "test/integration/opaTests.qunit.js.map": 1768816887175,
  "test/integration/FirstJourney-dbg.js": 1768287357000,
  "test/integration/FirstJourney.js.map": 1768816886886,
  "test/testsuite.qunit-dbg.js": 1768287357000,
  "test/testsuite.qunit.js.map": 1768816886890,
  "test/integration/pages/RisksObjectPage-dbg.js": 1768287357000,
  "test/integration/pages/RisksObjectPage.js.map": 1768816886894,
  "Component-preload.js": 1768816887790,
  "Component-preload.js.map": 1768816887790,
  "i18n/i18n.properties": 1768287442000,
  "test/testsuite.qunit.html": 1768287356000,
  "test/flpSandbox.html": 1768287356000,
  "index.html": 1768287356000
}